party_or_ideology,response
Conservative Republican,Earth is warming
Conservative Republican,Earth is warming
Conservative Republican,Earth is warming
Conservative Republican,Earth is warming
Conservative Republican,Earth is warming
Conservative Republican,Earth is warming
Conservative Republican,Earth is warming
Conservative Republican,Earth is warming
Conservative Republican,Earth is warming
Conservative Republican,Earth is warming
Conservative Republican,Earth is warming
Conservative Republican,Earth is warming
Conservative Republican,Earth is warming
Conservative Republican,Earth is warming
Conservative Republican,Earth is warming
Conservative Republican,Earth is warming
Conservative Republican,Earth is warming
Conservative Republican,Earth is warming
Conservative Republican,Earth is warming
Conservative Republican,Earth is warming
Conservative Republican,Earth is warming
Conservative Republican,Earth is warming
Conservative Republican,Earth is warming
Conservative Republican,Earth is warming
Conservative Republican,Earth is warming
Conservative Republican,Earth is warming
Conservative Republican,Earth is warming
Conservative Republican,Earth is warming
Conservative Republican,Earth is warming
Conservative Republican,Earth is warming
Conservative Republican,Earth is warming
Conservative Republican,Earth is warming
Conservative Republican,Earth is warming
Conservative Republican,Earth is warming
Conservative Republican,Earth is warming
Conservative Republican,Earth is warming
Conservative Republican,Earth is warming
Conservative Republican,Earth is warming
Conservative Republican,Earth is warming
Conservative Republican,Earth is warming
Conservative Republican,Earth is warming
Conservative Republican,Earth is warming
Conservative Republican,Earth is warming
Conservative Republican,Earth is warming
Conservative Republican,Earth is warming
Conservative Republican,Earth is warming
Conservative Republican,Earth is warming
Conservative Republican,Earth is warming
Conservative Republican,Earth is warming
Conservative Republican,Earth is warming
Conservative Republican,Earth is warming
Conservative Republican,Earth is warming
Conservative Republican,Earth is warming
Conservative Republican,Earth is warming
Conservative Republican,Earth is warming
Conservative Republican,Earth is warming
Conservative Republican,Earth is warming
Conservative Republican,Earth is warming
Conservative Republican,Earth is warming
Conservative Republican,Earth is warming
Conservative Republican,Earth is warming
Conservative Republican,Earth is warming
Conservative Republican,Earth is warming
Conservative Republican,Earth is warming
Conservative Republican,Earth is warming
Conservative Republican,Earth is warming
Conservative Republican,Earth is warming
Conservative Republican,Earth is warming
Conservative Republican,Earth is warming
Conservative Republican,Earth is warming
Conservative Republican,Earth is warming
Conservative Republican,Earth is warming
Conservative Republican,Earth is warming
Conservative Republican,Earth is warming
Conservative Republican,Earth is warming
Conservative Republican,Earth is warming
Conservative Republican,Earth is warming
Conservative Republican,Earth is warming
Conservative Republican,Earth is warming
Conservative Republican,Earth is warming
Conservative Republican,Earth is warming
Conservative Republican,Earth is warming
Conservative Republican,Earth is warming
Conservative Republican,Earth is warming
Conservative Republican,Earth is warming
Conservative Republican,Earth is warming
Conservative Republican,Earth is warming
Conservative Republican,Earth is warming
Conservative Republican,Earth is warming
Conservative Republican,Earth is warming
Conservative Republican,Earth is warming
Conservative Republican,Earth is warming
Conservative Republican,Earth is warming
Conservative Republican,Earth is warming
Conservative Republican,Earth is warming
Conservative Republican,Earth is warming
Conservative Republican,Earth is warming
Conservative Republican,Earth is warming
Conservative Republican,Earth is warming
Conservative Republican,Earth is warming
Conservative Republican,Earth is warming
Conservative Republican,Earth is warming
Conservative Republican,Earth is warming
Conservative Republican,Earth is warming
Conservative Republican,Earth is warming
Conservative Republican,Earth is warming
Conservative Republican,Earth is warming
Conservative Republican,Earth is warming
Conservative Republican,Earth is warming
Conservative Republican,Earth is warming
Conservative Republican,Earth is warming
Conservative Republican,Earth is warming
Conservative Republican,Earth is warming
Conservative Republican,Earth is warming
Conservative Republican,Earth is warming
Conservative Republican,Earth is warming
Conservative Republican,Earth is warming
Conservative Republican,Earth is warming
Conservative Republican,Earth is warming
Conservative Republican,Earth is warming
Conservative Republican,Earth is warming
Conservative Republican,Earth is warming
Conservative Republican,Earth is warming
Conservative Republican,Earth is warming
Conservative Republican,Earth is warming
Conservative Republican,Earth is warming
Conservative Republican,Earth is warming
Conservative Republican,Earth is warming
Conservative Republican,Earth is warming
Conservative Republican,Earth is warming
Conservative Republican,Earth is warming
Conservative Republican,Earth is warming
Conservative Republican,Earth is warming
Conservative Republican,Earth is warming
Conservative Republican,Earth is warming
Conservative Republican,Earth is warming
Conservative Republican,Earth is warming
Conservative Republican,Earth is warming
Conservative Republican,Earth is warming
Conservative Republican,Earth is warming
Conservative Republican,Earth is warming
Conservative Republican,Earth is warming
Conservative Republican,Earth is warming
Conservative Republican,Earth is warming
Conservative Republican,Earth is warming
Conservative Republican,Earth is warming
Conservative Republican,Earth is warming
Conservative Republican,Earth is warming
Conservative Republican,Earth is warming
Conservative Republican,Earth is warming
Conservative Republican,Earth is warming
Conservative Republican,Earth is warming
Conservative Republican,Earth is warming
Conservative Republican,Earth is warming
Conservative Republican,Earth is warming
Conservative Republican,Earth is warming
Conservative Republican,Earth is warming
Conservative Republican,Earth is warming
Conservative Republican,Earth is warming
Conservative Republican,Earth is warming
Conservative Republican,Earth is warming
Conservative Republican,Earth is warming
Conservative Republican,Earth is warming
Conservative Republican,Earth is warming
Conservative Republican,Earth is warming
Conservative Republican,Earth is warming
Conservative Republican,Earth is warming
Conservative Republican,Earth is warming
Conservative Republican,Earth is warming
Conservative Republican,Earth is warming
Conservative Republican,Earth is warming
Conservative Republican,Earth is warming
Conservative Republican,Earth is warming
Conservative Republican,Earth is warming
Conservative Republican,Earth is warming
Conservative Republican,Earth is warming
Conservative Republican,Earth is warming
Conservative Republican,Earth is warming
Conservative Republican,Earth is warming
Conservative Republican,Earth is warming
Conservative Republican,Earth is warming
Conservative Republican,Earth is warming
Conservative Republican,Earth is warming
Conservative Republican,Earth is warming
Conservative Republican,Earth is warming
Conservative Republican,Earth is warming
Conservative Republican,Earth is warming
Conservative Republican,Earth is warming
Conservative Republican,Earth is warming
Conservative Republican,Earth is warming
Conservative Republican,Earth is warming
Conservative Republican,Earth is warming
Conservative Republican,Earth is warming
Conservative Republican,Earth is warming
Conservative Republican,Earth is warming
Conservative Republican,Earth is warming
Conservative Republican,Earth is warming
Conservative Republican,Earth is warming
Conservative Republican,Earth is warming
Conservative Republican,Earth is warming
Conservative Republican,Earth is warming
Conservative Republican,Earth is warming
Conservative Republican,Earth is warming
Conservative Republican,Earth is warming
Conservative Republican,Earth is warming
Conservative Republican,Earth is warming
Conservative Republican,Earth is warming
Conservative Republican,Earth is warming
Conservative Republican,Earth is warming
Conservative Republican,Earth is warming
Conservative Republican,Earth is warming
Conservative Republican,Earth is warming
Conservative Republican,Earth is warming
Conservative Republican,Earth is warming
Conservative Republican,Earth is warming
Conservative Republican,Earth is warming
Conservative Republican,Earth is warming
Conservative Republican,Earth is warming
Conservative Republican,Earth is warming
Conservative Republican,Earth is warming
Conservative Republican,Earth is warming
Conservative Republican,Earth is warming
Conservative Republican,Earth is warming
Conservative Republican,Earth is warming
Conservative Republican,Earth is warming
Conservative Republican,Earth is warming
Conservative Republican,Earth is warming
Conservative Republican,Earth is warming
Conservative Republican,Earth is warming
Conservative Republican,Earth is warming
Conservative Republican,Earth is warming
Conservative Republican,Earth is warming
Conservative Republican,Earth is warming
Conservative Republican,Earth is warming
Conservative Republican,Earth is warming
Conservative Republican,Earth is warming
Conservative Republican,Earth is warming
Conservative Republican,Earth is warming
Conservative Republican,Earth is warming
Conservative Republican,Earth is warming
Conservative Republican,Earth is warming
Conservative Republican,Earth is warming
Conservative Republican,Earth is warming
Conservative Republican,Earth is warming
Conservative Republican,Earth is warming
Conservative Republican,Earth is warming
Conservative Republican,Earth is warming
Conservative Republican,Earth is warming
Conservative Republican,Not warming
Conservative Republican,Not warming
Conservative Republican,Not warming
Conservative Republican,Not warming
Conservative Republican,Not warming
Conservative Republican,Not warming
Conservative Republican,Not warming
Conservative Republican,Not warming
Conservative Republican,Not warming
Conservative Republican,Not warming
Conservative Republican,Not warming
Conservative Republican,Not warming
Conservative Republican,Not warming
Conservative Republican,Not warming
Conservative Republican,Not warming
Conservative Republican,Not warming
Conservative Republican,Not warming
Conservative Republican,Not warming
Conservative Republican,Not warming
Conservative Republican,Not warming
Conservative Republican,Not warming
Conservative Republican,Not warming
Conservative Republican,Not warming
Conservative Republican,Not warming
Conservative Republican,Not warming
Conservative Republican,Not warming
Conservative Republican,Not warming
Conservative Republican,Not warming
Conservative Republican,Not warming
Conservative Republican,Not warming
Conservative Republican,Not warming
Conservative Republican,Not warming
Conservative Republican,Not warming
Conservative Republican,Not warming
Conservative Republican,Not warming
Conservative Republican,Not warming
Conservative Republican,Not warming
Conservative Republican,Not warming
Conservative Republican,Not warming
Conservative Republican,Not warming
Conservative Republican,Not warming
Conservative Republican,Not warming
Conservative Republican,Not warming
Conservative Republican,Not warming
Conservative Republican,Not warming
Conservative Republican,Not warming
Conservative Republican,Not warming
Conservative Republican,Not warming
Conservative Republican,Not warming
Conservative Republican,Not warming
Conservative Republican,Not warming
Conservative Republican,Not warming
Conservative Republican,Not warming
Conservative Republican,Not warming
Conservative Republican,Not warming
Conservative Republican,Not warming
Conservative Republican,Not warming
Conservative Republican,Not warming
Conservative Republican,Not warming
Conservative Republican,Not warming
Conservative Republican,Not warming
Conservative Republican,Not warming
Conservative Republican,Not warming
Conservative Republican,Not warming
Conservative Republican,Not warming
Conservative Republican,Not warming
Conservative Republican,Not warming
Conservative Republican,Not warming
Conservative Republican,Not warming
Conservative Republican,Not warming
Conservative Republican,Not warming
Conservative Republican,Not warming
Conservative Republican,Not warming
Conservative Republican,Not warming
Conservative Republican,Not warming
Conservative Republican,Not warming
Conservative Republican,Not warming
Conservative Republican,Not warming
Conservative Republican,Not warming
Conservative Republican,Not warming
Conservative Republican,Not warming
Conservative Republican,Not warming
Conservative Republican,Not warming
Conservative Republican,Not warming
Conservative Republican,Not warming
Conservative Republican,Not warming
Conservative Republican,Not warming
Conservative Republican,Not warming
Conservative Republican,Not warming
Conservative Republican,Not warming
Conservative Republican,Not warming
Conservative Republican,Not warming
Conservative Republican,Not warming
Conservative Republican,Not warming
Conservative Republican,Not warming
Conservative Republican,Not warming
Conservative Republican,Not warming
Conservative Republican,Not warming
Conservative Republican,Not warming
Conservative Republican,Not warming
Conservative Republican,Not warming
Conservative Republican,Not warming
Conservative Republican,Not warming
Conservative Republican,Not warming
Conservative Republican,Not warming
Conservative Republican,Not warming
Conservative Republican,Not warming
Conservative Republican,Not warming
Conservative Republican,Not warming
Conservative Republican,Not warming
Conservative Republican,Not warming
Conservative Republican,Not warming
Conservative Republican,Not warming
Conservative Republican,Not warming
Conservative Republican,Not warming
Conservative Republican,Not warming
Conservative Republican,Not warming
Conservative Republican,Not warming
Conservative Republican,Not warming
Conservative Republican,Not warming
Conservative Republican,Not warming
Conservative Republican,Not warming
Conservative Republican,Not warming
Conservative Republican,Not warming
Conservative Republican,Not warming
Conservative Republican,Not warming
Conservative Republican,Not warming
Conservative Republican,Not warming
Conservative Republican,Not warming
Conservative Republican,Not warming
Conservative Republican,Not warming
Conservative Republican,Not warming
Conservative Republican,Not warming
Conservative Republican,Not warming
Conservative Republican,Not warming
Conservative Republican,Not warming
Conservative Republican,Not warming
Conservative Republican,Not warming
Conservative Republican,Not warming
Conservative Republican,Not warming
Conservative Republican,Not warming
Conservative Republican,Not warming
Conservative Republican,Not warming
Conservative Republican,Not warming
Conservative Republican,Not warming
Conservative Republican,Not warming
Conservative Republican,Not warming
Conservative Republican,Not warming
Conservative Republican,Not warming
Conservative Republican,Not warming
Conservative Republican,Not warming
Conservative Republican,Not warming
Conservative Republican,Not warming
Conservative Republican,Not warming
Conservative Republican,Not warming
Conservative Republican,Not warming
Conservative Republican,Not warming
Conservative Republican,Not warming
Conservative Republican,Not warming
Conservative Republican,Not warming
Conservative Republican,Not warming
Conservative Republican,Not warming
Conservative Republican,Not warming
Conservative Republican,Not warming
Conservative Republican,Not warming
Conservative Republican,Not warming
Conservative Republican,Not warming
Conservative Republican,Not warming
Conservative Republican,Not warming
Conservative Republican,Not warming
Conservative Republican,Not warming
Conservative Republican,Not warming
Conservative Republican,Not warming
Conservative Republican,Not warming
Conservative Republican,Not warming
Conservative Republican,Not warming
Conservative Republican,Not warming
Conservative Republican,Not warming
Conservative Republican,Not warming
Conservative Republican,Not warming
Conservative Republican,Not warming
Conservative Republican,Not warming
Conservative Republican,Not warming
Conservative Republican,Not warming
Conservative Republican,Not warming
Conservative Republican,Not warming
Conservative Republican,Not warming
Conservative Republican,Not warming
Conservative Republican,Not warming
Conservative Republican,Not warming
Conservative Republican,Not warming
Conservative Republican,Not warming
Conservative Republican,Not warming
Conservative Republican,Not warming
Conservative Republican,Not warming
Conservative Republican,Not warming
Conservative Republican,Not warming
Conservative Republican,Not warming
Conservative Republican,Not warming
Conservative Republican,Not warming
Conservative Republican,Not warming
Conservative Republican,Not warming
Conservative Republican,Not warming
Conservative Republican,Not warming
Conservative Republican,Not warming
Conservative Republican,Not warming
Conservative Republican,Not warming
Conservative Republican,Not warming
Conservative Republican,Not warming
Conservative Republican,Not warming
Conservative Republican,Not warming
Conservative Republican,Not warming
Conservative Republican,Not warming
Conservative Republican,Not warming
Conservative Republican,Not warming
Conservative Republican,Not warming
Conservative Republican,Not warming
Conservative Republican,Not warming
Conservative Republican,Not warming
Conservative Republican,Not warming
Conservative Republican,Not warming
Conservative Republican,Not warming
Conservative Republican,Not warming
Conservative Republican,Not warming
Conservative Republican,Not warming
Conservative Republican,Not warming
Conservative Republican,Not warming
Conservative Republican,Not warming
Conservative Republican,Not warming
Conservative Republican,Not warming
Conservative Republican,Not warming
Conservative Republican,Not warming
Conservative Republican,Not warming
Conservative Republican,Not warming
Conservative Republican,Not warming
Conservative Republican,Not warming
Conservative Republican,Not warming
Conservative Republican,Not warming
Conservative Republican,Not warming
Conservative Republican,Not warming
Conservative Republican,Not warming
Conservative Republican,Not warming
Conservative Republican,Not warming
Conservative Republican,Not warming
Conservative Republican,Not warming
Conservative Republican,Not warming
Conservative Republican,Not warming
Conservative Republican,Not warming
Conservative Republican,Not warming
Conservative Republican,Not warming
Conservative Republican,Not warming
Conservative Republican,Not warming
Conservative Republican,Not warming
Conservative Republican,Not warming
Conservative Republican,Not warming
Conservative Republican,Not warming
Conservative Republican,Not warming
Conservative Republican,Not warming
Conservative Republican,Not warming
Conservative Republican,Not warming
Conservative Republican,Not warming
Conservative Republican,Not warming
Conservative Republican,Not warming
Conservative Republican,Not warming
Conservative Republican,Not warming
Conservative Republican,Not warming
Conservative Republican,Not warming
Conservative Republican,Not warming
Conservative Republican,Not warming
Conservative Republican,Not warming
Conservative Republican,Not warming
Conservative Republican,Not warming
Conservative Republican,Not warming
Conservative Republican,Not warming
Conservative Republican,Not warming
Conservative Republican,Not warming
Conservative Republican,Not warming
Conservative Republican,Not warming
Conservative Republican,Not warming
Conservative Republican,Not warming
Conservative Republican,Not warming
Conservative Republican,Not warming
Conservative Republican,Not warming
Conservative Republican,Not warming
Conservative Republican,Not warming
Conservative Republican,Not warming
Conservative Republican,Not warming
Conservative Republican,Not warming
Conservative Republican,Not warming
Conservative Republican,Not warming
Conservative Republican,Not warming
Conservative Republican,Not warming
Conservative Republican,Not warming
Conservative Republican,Not warming
Conservative Republican,Not warming
Conservative Republican,Not warming
Conservative Republican,Not warming
Conservative Republican,Not warming
Conservative Republican,Not warming
Conservative Republican,Not warming
Conservative Republican,Not warming
Conservative Republican,Not warming
Conservative Republican,Not warming
Conservative Republican,Not warming
Conservative Republican,Not warming
Conservative Republican,Not warming
Conservative Republican,Not warming
Conservative Republican,Not warming
Conservative Republican,Not warming
Conservative Republican,Not warming
Conservative Republican,Not warming
Conservative Republican,Not warming
Conservative Republican,Not warming
Conservative Republican,Not warming
Conservative Republican,Not warming
Conservative Republican,Not warming
Conservative Republican,Not warming
Conservative Republican,Not warming
Conservative Republican,Not warming
Conservative Republican,Not warming
Conservative Republican,Not warming
Conservative Republican,Not warming
Conservative Republican,Not warming
Conservative Republican,Not warming
Conservative Republican,Not warming
Conservative Republican,Not warming
Conservative Republican,Not warming
Conservative Republican,Not warming
Conservative Republican,Not warming
Conservative Republican,Not warming
Conservative Republican,Not warming
Conservative Republican,Not warming
Conservative Republican,Not warming
Conservative Republican,Not warming
Conservative Republican,Not warming
Conservative Republican,Not warming
Conservative Republican,Not warming
Conservative Republican,Not warming
Conservative Republican,Not warming
Conservative Republican,Not warming
Conservative Republican,Not warming
Conservative Republican,Not warming
Conservative Republican,Not warming
Conservative Republican,Not warming
Conservative Republican,Not warming
Conservative Republican,Not warming
Conservative Republican,Not warming
Conservative Republican,Not warming
Conservative Republican,Not warming
Conservative Republican,Not warming
Conservative Republican,Not warming
Conservative Republican,Not warming
Conservative Republican,Not warming
Conservative Republican,Not warming
Conservative Republican,Not warming
Conservative Republican,Not warming
Conservative Republican,Not warming
Conservative Republican,Not warming
Conservative Republican,Not warming
Conservative Republican,Not warming
Conservative Republican,Not warming
Conservative Republican,Not warming
Conservative Republican,Not warming
Conservative Republican,Not warming
Conservative Republican,Not warming
Conservative Republican,Not warming
Conservative Republican,Not warming
Conservative Republican,Not warming
Conservative Republican,Not warming
Conservative Republican,Not warming
Conservative Republican,Not warming
Conservative Republican,Not warming
Conservative Republican,Not warming
Conservative Republican,Not warming
Conservative Republican,Not warming
Conservative Republican,Not warming
Conservative Republican,Not warming
Conservative Republican,Not warming
Conservative Republican,Not warming
Conservative Republican,Not warming
Conservative Republican,Not warming
Conservative Republican,Not warming
Conservative Republican,Not warming
Conservative Republican,Not warming
Conservative Republican,Not warming
Conservative Republican,Not warming
Conservative Republican,Not warming
Conservative Republican,Not warming
Conservative Republican,Not warming
Conservative Republican,Not warming
Conservative Republican,Not warming
Conservative Republican,Not warming
Conservative Republican,Not warming
Conservative Republican,Not warming
Conservative Republican,Not warming
Conservative Republican,Not warming
Conservative Republican,Not warming
Conservative Republican,Not warming
Conservative Republican,Not warming
Conservative Republican,Not warming
Conservative Republican,Not warming
Conservative Republican,Not warming
Conservative Republican,Not warming
Conservative Republican,Not warming
Conservative Republican,Not warming
Conservative Republican,Not warming
Conservative Republican,Not warming
Conservative Republican,Not warming
Conservative Republican,Not warming
Conservative Republican,Not warming
Conservative Republican,Not warming
Conservative Republican,Not warming
Conservative Republican,Not warming
Conservative Republican,Not warming
Conservative Republican,Not warming
Conservative Republican,Not warming
Conservative Republican,Not warming
Conservative Republican,Not warming
Conservative Republican,Not warming
Conservative Republican,Not warming
Conservative Republican,Not warming
Conservative Republican,Not warming
Conservative Republican,Not warming
Conservative Republican,Not warming
Conservative Republican,Not warming
Conservative Republican,Not warming
Conservative Republican,Not warming
Conservative Republican,Not warming
Conservative Republican,Not warming
Conservative Republican,Not warming
Conservative Republican,Not warming
Conservative Republican,Not warming
Conservative Republican,Not warming
Conservative Republican,Not warming
Conservative Republican,Not warming
Conservative Republican,Not warming
Conservative Republican,Not warming
Conservative Republican,Not warming
Conservative Republican,Not warming
Conservative Republican,Not warming
Conservative Republican,Not warming
Conservative Republican,Not warming
Conservative Republican,Not warming
Conservative Republican,Not warming
Conservative Republican,Not warming
Conservative Republican,Not warming
Conservative Republican,Not warming
Conservative Republican,Not warming
Conservative Republican,Not warming
Conservative Republican,Not warming
Conservative Republican,Don't know / refuse to answer
Conservative Republican,Don't know / refuse to answer
Conservative Republican,Don't know / refuse to answer
Conservative Republican,Don't know / refuse to answer
Conservative Republican,Don't know / refuse to answer
Conservative Republican,Don't know / refuse to answer
Conservative Republican,Don't know / refuse to answer
Conservative Republican,Don't know / refuse to answer
Conservative Republican,Don't know / refuse to answer
Conservative Republican,Don't know / refuse to answer
Conservative Republican,Don't know / refuse to answer
Conservative Republican,Don't know / refuse to answer
Conservative Republican,Don't know / refuse to answer
Conservative Republican,Don't know / refuse to answer
Conservative Republican,Don't know / refuse to answer
Conservative Republican,Don't know / refuse to answer
Conservative Republican,Don't know / refuse to answer
Conservative Republican,Don't know / refuse to answer
Conservative Republican,Don't know / refuse to answer
Conservative Republican,Don't know / refuse to answer
Conservative Republican,Don't know / refuse to answer
Conservative Republican,Don't know / refuse to answer
Conservative Republican,Don't know / refuse to answer
Conservative Republican,Don't know / refuse to answer
Conservative Republican,Don't know / refuse to answer
Conservative Republican,Don't know / refuse to answer
Conservative Republican,Don't know / refuse to answer
Conservative Republican,Don't know / refuse to answer
Conservative Republican,Don't know / refuse to answer
Conservative Republican,Don't know / refuse to answer
Conservative Republican,Don't know / refuse to answer
Conservative Republican,Don't know / refuse to answer
Conservative Republican,Don't know / refuse to answer
Conservative Republican,Don't know / refuse to answer
Conservative Republican,Don't know / refuse to answer
Conservative Republican,Don't know / refuse to answer
Conservative Republican,Don't know / refuse to answer
Conservative Republican,Don't know / refuse to answer
Conservative Republican,Don't know / refuse to answer
Conservative Republican,Don't know / refuse to answer
Conservative Republican,Don't know / refuse to answer
Conservative Republican,Don't know / refuse to answer
Conservative Republican,Don't know / refuse to answer
Conservative Republican,Don't know / refuse to answer
Conservative Republican,Don't know / refuse to answer
Mod/Lib Republican,Earth is warming
Mod/Lib Republican,Earth is warming
Mod/Lib Republican,Earth is warming
Mod/Lib Republican,Earth is warming
Mod/Lib Republican,Earth is warming
Mod/Lib Republican,Earth is warming
Mod/Lib Republican,Earth is warming
Mod/Lib Republican,Earth is warming
Mod/Lib Republican,Earth is warming
Mod/Lib Republican,Earth is warming
Mod/Lib Republican,Earth is warming
Mod/Lib Republican,Earth is warming
Mod/Lib Republican,Earth is warming
Mod/Lib Republican,Earth is warming
Mod/Lib Republican,Earth is warming
Mod/Lib Republican,Earth is warming
Mod/Lib Republican,Earth is warming
Mod/Lib Republican,Earth is warming
Mod/Lib Republican,Earth is warming
Mod/Lib Republican,Earth is warming
Mod/Lib Republican,Earth is warming
Mod/Lib Republican,Earth is warming
Mod/Lib Republican,Earth is warming
Mod/Lib Republican,Earth is warming
Mod/Lib Republican,Earth is warming
Mod/Lib Republican,Earth is warming
Mod/Lib Republican,Earth is warming
Mod/Lib Republican,Earth is warming
Mod/Lib Republican,Earth is warming
Mod/Lib Republican,Earth is warming
Mod/Lib Republican,Earth is warming
Mod/Lib Republican,Earth is warming
Mod/Lib Republican,Earth is warming
Mod/Lib Republican,Earth is warming
Mod/Lib Republican,Earth is warming
Mod/Lib Republican,Earth is warming
Mod/Lib Republican,Earth is warming
Mod/Lib Republican,Earth is warming
Mod/Lib Republican,Earth is warming
Mod/Lib Republican,Earth is warming
Mod/Lib Republican,Earth is warming
Mod/Lib Republican,Earth is warming
Mod/Lib Republican,Earth is warming
Mod/Lib Republican,Earth is warming
Mod/Lib Republican,Earth is warming
Mod/Lib Republican,Earth is warming
Mod/Lib Republican,Earth is warming
Mod/Lib Republican,Earth is warming
Mod/Lib Republican,Earth is warming
Mod/Lib Republican,Earth is warming
Mod/Lib Republican,Earth is warming
Mod/Lib Republican,Earth is warming
Mod/Lib Republican,Earth is warming
Mod/Lib Republican,Earth is warming
Mod/Lib Republican,Earth is warming
Mod/Lib Republican,Earth is warming
Mod/Lib Republican,Earth is warming
Mod/Lib Republican,Earth is warming
Mod/Lib Republican,Earth is warming
Mod/Lib Republican,Earth is warming
Mod/Lib Republican,Earth is warming
Mod/Lib Republican,Earth is warming
Mod/Lib Republican,Earth is warming
Mod/Lib Republican,Earth is warming
Mod/Lib Republican,Earth is warming
Mod/Lib Republican,Earth is warming
Mod/Lib Republican,Earth is warming
Mod/Lib Republican,Earth is warming
Mod/Lib Republican,Earth is warming
Mod/Lib Republican,Earth is warming
Mod/Lib Republican,Earth is warming
Mod/Lib Republican,Earth is warming
Mod/Lib Republican,Earth is warming
Mod/Lib Republican,Earth is warming
Mod/Lib Republican,Earth is warming
Mod/Lib Republican,Earth is warming
Mod/Lib Republican,Earth is warming
Mod/Lib Republican,Earth is warming
Mod/Lib Republican,Earth is warming
Mod/Lib Republican,Earth is warming
Mod/Lib Republican,Earth is warming
Mod/Lib Republican,Earth is warming
Mod/Lib Republican,Earth is warming
Mod/Lib Republican,Earth is warming
Mod/Lib Republican,Earth is warming
Mod/Lib Republican,Earth is warming
Mod/Lib Republican,Earth is warming
Mod/Lib Republican,Earth is warming
Mod/Lib Republican,Earth is warming
Mod/Lib Republican,Earth is warming
Mod/Lib Republican,Earth is warming
Mod/Lib Republican,Earth is warming
Mod/Lib Republican,Earth is warming
Mod/Lib Republican,Earth is warming
Mod/Lib Republican,Earth is warming
Mod/Lib Republican,Earth is warming
Mod/Lib Republican,Earth is warming
Mod/Lib Republican,Earth is warming
Mod/Lib Republican,Earth is warming
Mod/Lib Republican,Earth is warming
Mod/Lib Republican,Earth is warming
Mod/Lib Republican,Earth is warming
Mod/Lib Republican,Earth is warming
Mod/Lib Republican,Earth is warming
Mod/Lib Republican,Earth is warming
Mod/Lib Republican,Earth is warming
Mod/Lib Republican,Earth is warming
Mod/Lib Republican,Earth is warming
Mod/Lib Republican,Earth is warming
Mod/Lib Republican,Earth is warming
Mod/Lib Republican,Earth is warming
Mod/Lib Republican,Earth is warming
Mod/Lib Republican,Earth is warming
Mod/Lib Republican,Earth is warming
Mod/Lib Republican,Earth is warming
Mod/Lib Republican,Earth is warming
Mod/Lib Republican,Earth is warming
Mod/Lib Republican,Earth is warming
Mod/Lib Republican,Earth is warming
Mod/Lib Republican,Earth is warming
Mod/Lib Republican,Earth is warming
Mod/Lib Republican,Earth is warming
Mod/Lib Republican,Earth is warming
Mod/Lib Republican,Earth is warming
Mod/Lib Republican,Earth is warming
Mod/Lib Republican,Earth is warming
Mod/Lib Republican,Earth is warming
Mod/Lib Republican,Earth is warming
Mod/Lib Republican,Earth is warming
Mod/Lib Republican,Earth is warming
Mod/Lib Republican,Earth is warming
Mod/Lib Republican,Earth is warming
Mod/Lib Republican,Earth is warming
Mod/Lib Republican,Earth is warming
Mod/Lib Republican,Earth is warming
Mod/Lib Republican,Not warming
Mod/Lib Republican,Not warming
Mod/Lib Republican,Not warming
Mod/Lib Republican,Not warming
Mod/Lib Republican,Not warming
Mod/Lib Republican,Not warming
Mod/Lib Republican,Not warming
Mod/Lib Republican,Not warming
Mod/Lib Republican,Not warming
Mod/Lib Republican,Not warming
Mod/Lib Republican,Not warming
Mod/Lib Republican,Not warming
Mod/Lib Republican,Not warming
Mod/Lib Republican,Not warming
Mod/Lib Republican,Not warming
Mod/Lib Republican,Not warming
Mod/Lib Republican,Not warming
Mod/Lib Republican,Not warming
Mod/Lib Republican,Not warming
Mod/Lib Republican,Not warming
Mod/Lib Republican,Not warming
Mod/Lib Republican,Not warming
Mod/Lib Republican,Not warming
Mod/Lib Republican,Not warming
Mod/Lib Republican,Not warming
Mod/Lib Republican,Not warming
Mod/Lib Republican,Not warming
Mod/Lib Republican,Not warming
Mod/Lib Republican,Not warming
Mod/Lib Republican,Not warming
Mod/Lib Republican,Not warming
Mod/Lib Republican,Not warming
Mod/Lib Republican,Not warming
Mod/Lib Republican,Not warming
Mod/Lib Republican,Not warming
Mod/Lib Republican,Not warming
Mod/Lib Republican,Not warming
Mod/Lib Republican,Not warming
Mod/Lib Republican,Not warming
Mod/Lib Republican,Not warming
Mod/Lib Republican,Not warming
Mod/Lib Republican,Not warming
Mod/Lib Republican,Not warming
Mod/Lib Republican,Not warming
Mod/Lib Republican,Not warming
Mod/Lib Republican,Not warming
Mod/Lib Republican,Not warming
Mod/Lib Republican,Not warming
Mod/Lib Republican,Not warming
Mod/Lib Republican,Not warming
Mod/Lib Republican,Not warming
Mod/Lib Republican,Not warming
Mod/Lib Republican,Not warming
Mod/Lib Republican,Not warming
Mod/Lib Republican,Not warming
Mod/Lib Republican,Not warming
Mod/Lib Republican,Not warming
Mod/Lib Republican,Not warming
Mod/Lib Republican,Not warming
Mod/Lib Republican,Not warming
Mod/Lib Republican,Not warming
Mod/Lib Republican,Not warming
Mod/Lib Republican,Not warming
Mod/Lib Republican,Not warming
Mod/Lib Republican,Not warming
Mod/Lib Republican,Not warming
Mod/Lib Republican,Not warming
Mod/Lib Republican,Not warming
Mod/Lib Republican,Not warming
Mod/Lib Republican,Not warming
Mod/Lib Republican,Not warming
Mod/Lib Republican,Not warming
Mod/Lib Republican,Not warming
Mod/Lib Republican,Not warming
Mod/Lib Republican,Not warming
Mod/Lib Republican,Not warming
Mod/Lib Republican,Not warming
Mod/Lib Republican,Not warming
Mod/Lib Republican,Not warming
Mod/Lib Republican,Not warming
Mod/Lib Republican,Not warming
Mod/Lib Republican,Not warming
Mod/Lib Republican,Not warming
Mod/Lib Republican,Not warming
Mod/Lib Republican,Not warming
Mod/Lib Republican,Not warming
Mod/Lib Republican,Not warming
Mod/Lib Republican,Not warming
Mod/Lib Republican,Not warming
Mod/Lib Republican,Not warming
Mod/Lib Republican,Not warming
Mod/Lib Republican,Not warming
Mod/Lib Republican,Not warming
Mod/Lib Republican,Not warming
Mod/Lib Republican,Not warming
Mod/Lib Republican,Not warming
Mod/Lib Republican,Not warming
Mod/Lib Republican,Not warming
Mod/Lib Republican,Not warming
Mod/Lib Republican,Not warming
Mod/Lib Republican,Not warming
Mod/Lib Republican,Not warming
Mod/Lib Republican,Not warming
Mod/Lib Republican,Not warming
Mod/Lib Republican,Not warming
Mod/Lib Republican,Not warming
Mod/Lib Republican,Not warming
Mod/Lib Republican,Not warming
Mod/Lib Republican,Not warming
Mod/Lib Republican,Not warming
Mod/Lib Republican,Not warming
Mod/Lib Republican,Not warming
Mod/Lib Republican,Not warming
Mod/Lib Republican,Not warming
Mod/Lib Republican,Not warming
Mod/Lib Republican,Not warming
Mod/Lib Republican,Not warming
Mod/Lib Republican,Not warming
Mod/Lib Republican,Not warming
Mod/Lib Republican,Not warming
Mod/Lib Republican,Not warming
Mod/Lib Republican,Not warming
Mod/Lib Republican,Not warming
Mod/Lib Republican,Not warming
Mod/Lib Republican,Not warming
Mod/Lib Republican,Not warming
Mod/Lib Republican,Not warming
Mod/Lib Republican,Not warming
Mod/Lib Republican,Not warming
Mod/Lib Republican,Not warming
Mod/Lib Republican,Not warming
Mod/Lib Republican,Not warming
Mod/Lib Republican,Not warming
Mod/Lib Republican,Not warming
Mod/Lib Republican,Not warming
Mod/Lib Republican,Don't know / refuse to answer
Mod/Lib Republican,Don't know / refuse to answer
Mod/Lib Republican,Don't know / refuse to answer
Mod/Lib Republican,Don't know / refuse to answer
Mod/Lib Republican,Don't know / refuse to answer
Mod/Lib Republican,Don't know / refuse to answer
Mod/Lib Republican,Don't know / refuse to answer
Mod/Lib Republican,Don't know / refuse to answer
Mod/Lib Republican,Don't know / refuse to answer
Mod/Lib Republican,Don't know / refuse to answer
Mod/Lib Republican,Don't know / refuse to answer
Mod/Lib Republican,Don't know / refuse to answer
Mod/Lib Republican,Don't know / refuse to answer
Mod/Lib Republican,Don't know / refuse to answer
Mod/Lib Republican,Don't know / refuse to answer
Mod/Lib Republican,Don't know / refuse to answer
Mod/Lib Republican,Don't know / refuse to answer
Mod/Lib Republican,Don't know / refuse to answer
Mod/Lib Republican,Don't know / refuse to answer
Mod/Lib Republican,Don't know / refuse to answer
Mod/Lib Republican,Don't know / refuse to answer
Mod/Lib Republican,Don't know / refuse to answer
Mod/Lib Republican,Don't know / refuse to answer
Mod/Cons Democrat,Earth is warming
Mod/Cons Democrat,Earth is warming
Mod/Cons Democrat,Earth is warming
Mod/Cons Democrat,Earth is warming
Mod/Cons Democrat,Earth is warming
Mod/Cons Democrat,Earth is warming
Mod/Cons Democrat,Earth is warming
Mod/Cons Democrat,Earth is warming
Mod/Cons Democrat,Earth is warming
Mod/Cons Democrat,Earth is warming
Mod/Cons Democrat,Earth is warming
Mod/Cons Democrat,Earth is warming
Mod/Cons Democrat,Earth is warming
Mod/Cons Democrat,Earth is warming
Mod/Cons Democrat,Earth is warming
Mod/Cons Democrat,Earth is warming
Mod/Cons Democrat,Earth is warming
Mod/Cons Democrat,Earth is warming
Mod/Cons Democrat,Earth is warming
Mod/Cons Democrat,Earth is warming
Mod/Cons Democrat,Earth is warming
Mod/Cons Democrat,Earth is warming
Mod/Cons Democrat,Earth is warming
Mod/Cons Democrat,Earth is warming
Mod/Cons Democrat,Earth is warming
Mod/Cons Democrat,Earth is warming
Mod/Cons Democrat,Earth is warming
Mod/Cons Democrat,Earth is warming
Mod/Cons Democrat,Earth is warming
Mod/Cons Democrat,Earth is warming
Mod/Cons Democrat,Earth is warming
Mod/Cons Democrat,Earth is warming
Mod/Cons Democrat,Earth is warming
Mod/Cons Democrat,Earth is warming
Mod/Cons Democrat,Earth is warming
Mod/Cons Democrat,Earth is warming
Mod/Cons Democrat,Earth is warming
Mod/Cons Democrat,Earth is warming
Mod/Cons Democrat,Earth is warming
Mod/Cons Democrat,Earth is warming
Mod/Cons Democrat,Earth is warming
Mod/Cons Democrat,Earth is warming
Mod/Cons Democrat,Earth is warming
Mod/Cons Democrat,Earth is warming
Mod/Cons Democrat,Earth is warming
Mod/Cons Democrat,Earth is warming
Mod/Cons Democrat,Earth is warming
Mod/Cons Democrat,Earth is warming
Mod/Cons Democrat,Earth is warming
Mod/Cons Democrat,Earth is warming
Mod/Cons Democrat,Earth is warming
Mod/Cons Democrat,Earth is warming
Mod/Cons Democrat,Earth is warming
Mod/Cons Democrat,Earth is warming
Mod/Cons Democrat,Earth is warming
Mod/Cons Democrat,Earth is warming
Mod/Cons Democrat,Earth is warming
Mod/Cons Democrat,Earth is warming
Mod/Cons Democrat,Earth is warming
Mod/Cons Democrat,Earth is warming
Mod/Cons Democrat,Earth is warming
Mod/Cons Democrat,Earth is warming
Mod/Cons Democrat,Earth is warming
Mod/Cons Democrat,Earth is warming
Mod/Cons Democrat,Earth is warming
Mod/Cons Democrat,Earth is warming
Mod/Cons Democrat,Earth is warming
Mod/Cons Democrat,Earth is warming
Mod/Cons Democrat,Earth is warming
Mod/Cons Democrat,Earth is warming
Mod/Cons Democrat,Earth is warming
Mod/Cons Democrat,Earth is warming
Mod/Cons Democrat,Earth is warming
Mod/Cons Democrat,Earth is warming
Mod/Cons Democrat,Earth is warming
Mod/Cons Democrat,Earth is warming
Mod/Cons Democrat,Earth is warming
Mod/Cons Democrat,Earth is warming
Mod/Cons Democrat,Earth is warming
Mod/Cons Democrat,Earth is warming
Mod/Cons Democrat,Earth is warming
Mod/Cons Democrat,Earth is warming
Mod/Cons Democrat,Earth is warming
Mod/Cons Democrat,Earth is warming
Mod/Cons Democrat,Earth is warming
Mod/Cons Democrat,Earth is warming
Mod/Cons Democrat,Earth is warming
Mod/Cons Democrat,Earth is warming
Mod/Cons Democrat,Earth is warming
Mod/Cons Democrat,Earth is warming
Mod/Cons Democrat,Earth is warming
Mod/Cons Democrat,Earth is warming
Mod/Cons Democrat,Earth is warming
Mod/Cons Democrat,Earth is warming
Mod/Cons Democrat,Earth is warming
Mod/Cons Democrat,Earth is warming
Mod/Cons Democrat,Earth is warming
Mod/Cons Democrat,Earth is warming
Mod/Cons Democrat,Earth is warming
Mod/Cons Democrat,Earth is warming
Mod/Cons Democrat,Earth is warming
Mod/Cons Democrat,Earth is warming
Mod/Cons Democrat,Earth is warming
Mod/Cons Democrat,Earth is warming
Mod/Cons Democrat,Earth is warming
Mod/Cons Democrat,Earth is warming
Mod/Cons Democrat,Earth is warming
Mod/Cons Democrat,Earth is warming
Mod/Cons Democrat,Earth is warming
Mod/Cons Democrat,Earth is warming
Mod/Cons Democrat,Earth is warming
Mod/Cons Democrat,Earth is warming
Mod/Cons Democrat,Earth is warming
Mod/Cons Democrat,Earth is warming
Mod/Cons Democrat,Earth is warming
Mod/Cons Democrat,Earth is warming
Mod/Cons Democrat,Earth is warming
Mod/Cons Democrat,Earth is warming
Mod/Cons Democrat,Earth is warming
Mod/Cons Democrat,Earth is warming
Mod/Cons Democrat,Earth is warming
Mod/Cons Democrat,Earth is warming
Mod/Cons Democrat,Earth is warming
Mod/Cons Democrat,Earth is warming
Mod/Cons Democrat,Earth is warming
Mod/Cons Democrat,Earth is warming
Mod/Cons Democrat,Earth is warming
Mod/Cons Democrat,Earth is warming
Mod/Cons Democrat,Earth is warming
Mod/Cons Democrat,Earth is warming
Mod/Cons Democrat,Earth is warming
Mod/Cons Democrat,Earth is warming
Mod/Cons Democrat,Earth is warming
Mod/Cons Democrat,Earth is warming
Mod/Cons Democrat,Earth is warming
Mod/Cons Democrat,Earth is warming
Mod/Cons Democrat,Earth is warming
Mod/Cons Democrat,Earth is warming
Mod/Cons Democrat,Earth is warming
Mod/Cons Democrat,Earth is warming
Mod/Cons Democrat,Earth is warming
Mod/Cons Democrat,Earth is warming
Mod/Cons Democrat,Earth is warming
Mod/Cons Democrat,Earth is warming
Mod/Cons Democrat,Earth is warming
Mod/Cons Democrat,Earth is warming
Mod/Cons Democrat,Earth is warming
Mod/Cons Democrat,Earth is warming
Mod/Cons Democrat,Earth is warming
Mod/Cons Democrat,Earth is warming
Mod/Cons Democrat,Earth is warming
Mod/Cons Democrat,Earth is warming
Mod/Cons Democrat,Earth is warming
Mod/Cons Democrat,Earth is warming
Mod/Cons Democrat,Earth is warming
Mod/Cons Democrat,Earth is warming
Mod/Cons Democrat,Earth is warming
Mod/Cons Democrat,Earth is warming
Mod/Cons Democrat,Earth is warming
Mod/Cons Democrat,Earth is warming
Mod/Cons Democrat,Earth is warming
Mod/Cons Democrat,Earth is warming
Mod/Cons Democrat,Earth is warming
Mod/Cons Democrat,Earth is warming
Mod/Cons Democrat,Earth is warming
Mod/Cons Democrat,Earth is warming
Mod/Cons Democrat,Earth is warming
Mod/Cons Democrat,Earth is warming
Mod/Cons Democrat,Earth is warming
Mod/Cons Democrat,Earth is warming
Mod/Cons Democrat,Earth is warming
Mod/Cons Democrat,Earth is warming
Mod/Cons Democrat,Earth is warming
Mod/Cons Democrat,Earth is warming
Mod/Cons Democrat,Earth is warming
Mod/Cons Democrat,Earth is warming
Mod/Cons Democrat,Earth is warming
Mod/Cons Democrat,Earth is warming
Mod/Cons Democrat,Earth is warming
Mod/Cons Democrat,Earth is warming
Mod/Cons Democrat,Earth is warming
Mod/Cons Democrat,Earth is warming
Mod/Cons Democrat,Earth is warming
Mod/Cons Democrat,Earth is warming
Mod/Cons Democrat,Earth is warming
Mod/Cons Democrat,Earth is warming
Mod/Cons Democrat,Earth is warming
Mod/Cons Democrat,Earth is warming
Mod/Cons Democrat,Earth is warming
Mod/Cons Democrat,Earth is warming
Mod/Cons Democrat,Earth is warming
Mod/Cons Democrat,Earth is warming
Mod/Cons Democrat,Earth is warming
Mod/Cons Democrat,Earth is warming
Mod/Cons Democrat,Earth is warming
Mod/Cons Democrat,Earth is warming
Mod/Cons Democrat,Earth is warming
Mod/Cons Democrat,Earth is warming
Mod/Cons Democrat,Earth is warming
Mod/Cons Democrat,Earth is warming
Mod/Cons Democrat,Earth is warming
Mod/Cons Democrat,Earth is warming
Mod/Cons Democrat,Earth is warming
Mod/Cons Democrat,Earth is warming
Mod/Cons Democrat,Earth is warming
Mod/Cons Democrat,Earth is warming
Mod/Cons Democrat,Earth is warming
Mod/Cons Democrat,Earth is warming
Mod/Cons Democrat,Earth is warming
Mod/Cons Democrat,Earth is warming
Mod/Cons Democrat,Earth is warming
Mod/Cons Democrat,Earth is warming
Mod/Cons Democrat,Earth is warming
Mod/Cons Democrat,Earth is warming
Mod/Cons Democrat,Earth is warming
Mod/Cons Democrat,Earth is warming
Mod/Cons Democrat,Earth is warming
Mod/Cons Democrat,Earth is warming
Mod/Cons Democrat,Earth is warming
Mod/Cons Democrat,Earth is warming
Mod/Cons Democrat,Earth is warming
Mod/Cons Democrat,Earth is warming
Mod/Cons Democrat,Earth is warming
Mod/Cons Democrat,Earth is warming
Mod/Cons Democrat,Earth is warming
Mod/Cons Democrat,Earth is warming
Mod/Cons Democrat,Earth is warming
Mod/Cons Democrat,Earth is warming
Mod/Cons Democrat,Earth is warming
Mod/Cons Democrat,Earth is warming
Mod/Cons Democrat,Earth is warming
Mod/Cons Democrat,Earth is warming
Mod/Cons Democrat,Earth is warming
Mod/Cons Democrat,Earth is warming
Mod/Cons Democrat,Earth is warming
Mod/Cons Democrat,Earth is warming
Mod/Cons Democrat,Earth is warming
Mod/Cons Democrat,Earth is warming
Mod/Cons Democrat,Earth is warming
Mod/Cons Democrat,Earth is warming
Mod/Cons Democrat,Earth is warming
Mod/Cons Democrat,Earth is warming
Mod/Cons Democrat,Earth is warming
Mod/Cons Democrat,Earth is warming
Mod/Cons Democrat,Earth is warming
Mod/Cons Democrat,Earth is warming
Mod/Cons Democrat,Earth is warming
Mod/Cons Democrat,Earth is warming
Mod/Cons Democrat,Earth is warming
Mod/Cons Democrat,Earth is warming
Mod/Cons Democrat,Earth is warming
Mod/Cons Democrat,Earth is warming
Mod/Cons Democrat,Earth is warming
Mod/Cons Democrat,Earth is warming
Mod/Cons Democrat,Earth is warming
Mod/Cons Democrat,Earth is warming
Mod/Cons Democrat,Earth is warming
Mod/Cons Democrat,Earth is warming
Mod/Cons Democrat,Earth is warming
Mod/Cons Democrat,Earth is warming
Mod/Cons Democrat,Earth is warming
Mod/Cons Democrat,Earth is warming
Mod/Cons Democrat,Earth is warming
Mod/Cons Democrat,Earth is warming
Mod/Cons Democrat,Earth is warming
Mod/Cons Democrat,Earth is warming
Mod/Cons Democrat,Earth is warming
Mod/Cons Democrat,Earth is warming
Mod/Cons Democrat,Earth is warming
Mod/Cons Democrat,Earth is warming
Mod/Cons Democrat,Earth is warming
Mod/Cons Democrat,Earth is warming
Mod/Cons Democrat,Earth is warming
Mod/Cons Democrat,Earth is warming
Mod/Cons Democrat,Earth is warming
Mod/Cons Democrat,Earth is warming
Mod/Cons Democrat,Earth is warming
Mod/Cons Democrat,Earth is warming
Mod/Cons Democrat,Earth is warming
Mod/Cons Democrat,Earth is warming
Mod/Cons Democrat,Earth is warming
Mod/Cons Democrat,Earth is warming
Mod/Cons Democrat,Earth is warming
Mod/Cons Democrat,Earth is warming
Mod/Cons Democrat,Earth is warming
Mod/Cons Democrat,Earth is warming
Mod/Cons Democrat,Earth is warming
Mod/Cons Democrat,Earth is warming
Mod/Cons Democrat,Earth is warming
Mod/Cons Democrat,Earth is warming
Mod/Cons Democrat,Earth is warming
Mod/Cons Democrat,Earth is warming
Mod/Cons Democrat,Earth is warming
Mod/Cons Democrat,Earth is warming
Mod/Cons Democrat,Earth is warming
Mod/Cons Democrat,Earth is warming
Mod/Cons Democrat,Earth is warming
Mod/Cons Democrat,Earth is warming
Mod/Cons Democrat,Earth is warming
Mod/Cons Democrat,Earth is warming
Mod/Cons Democrat,Earth is warming
Mod/Cons Democrat,Earth is warming
Mod/Cons Democrat,Earth is warming
Mod/Cons Democrat,Earth is warming
Mod/Cons Democrat,Earth is warming
Mod/Cons Democrat,Earth is warming
Mod/Cons Democrat,Earth is warming
Mod/Cons Democrat,Earth is warming
Mod/Cons Democrat,Earth is warming
Mod/Cons Democrat,Earth is warming
Mod/Cons Democrat,Earth is warming
Mod/Cons Democrat,Earth is warming
Mod/Cons Democrat,Earth is warming
Mod/Cons Democrat,Earth is warming
Mod/Cons Democrat,Earth is warming
Mod/Cons Democrat,Earth is warming
Mod/Cons Democrat,Earth is warming
Mod/Cons Democrat,Earth is warming
Mod/Cons Democrat,Earth is warming
Mod/Cons Democrat,Earth is warming
Mod/Cons Democrat,Earth is warming
Mod/Cons Democrat,Earth is warming
Mod/Cons Democrat,Earth is warming
Mod/Cons Democrat,Earth is warming
Mod/Cons Democrat,Earth is warming
Mod/Cons Democrat,Earth is warming
Mod/Cons Democrat,Earth is warming
Mod/Cons Democrat,Earth is warming
Mod/Cons Democrat,Earth is warming
Mod/Cons Democrat,Earth is warming
Mod/Cons Democrat,Earth is warming
Mod/Cons Democrat,Earth is warming
Mod/Cons Democrat,Earth is warming
Mod/Cons Democrat,Earth is warming
Mod/Cons Democrat,Earth is warming
Mod/Cons Democrat,Earth is warming
Mod/Cons Democrat,Earth is warming
Mod/Cons Democrat,Earth is warming
Mod/Cons Democrat,Earth is warming
Mod/Cons Democrat,Earth is warming
Mod/Cons Democrat,Earth is warming
Mod/Cons Democrat,Earth is warming
Mod/Cons Democrat,Earth is warming
Mod/Cons Democrat,Earth is warming
Mod/Cons Democrat,Earth is warming
Mod/Cons Democrat,Earth is warming
Mod/Cons Democrat,Earth is warming
Mod/Cons Democrat,Earth is warming
Mod/Cons Democrat,Earth is warming
Mod/Cons Democrat,Earth is warming
Mod/Cons Democrat,Earth is warming
Mod/Cons Democrat,Earth is warming
Mod/Cons Democrat,Earth is warming
Mod/Cons Democrat,Earth is warming
Mod/Cons Democrat,Earth is warming
Mod/Cons Democrat,Earth is warming
Mod/Cons Democrat,Earth is warming
Mod/Cons Democrat,Earth is warming
Mod/Cons Democrat,Earth is warming
Mod/Cons Democrat,Earth is warming
Mod/Cons Democrat,Earth is warming
Mod/Cons Democrat,Earth is warming
Mod/Cons Democrat,Earth is warming
Mod/Cons Democrat,Earth is warming
Mod/Cons Democrat,Earth is warming
Mod/Cons Democrat,Earth is warming
Mod/Cons Democrat,Earth is warming
Mod/Cons Democrat,Earth is warming
Mod/Cons Democrat,Earth is warming
Mod/Cons Democrat,Earth is warming
Mod/Cons Democrat,Earth is warming
Mod/Cons Democrat,Earth is warming
Mod/Cons Democrat,Earth is warming
Mod/Cons Democrat,Earth is warming
Mod/Cons Democrat,Earth is warming
Mod/Cons Democrat,Earth is warming
Mod/Cons Democrat,Earth is warming
Mod/Cons Democrat,Earth is warming
Mod/Cons Democrat,Earth is warming
Mod/Cons Democrat,Earth is warming
Mod/Cons Democrat,Earth is warming
Mod/Cons Democrat,Earth is warming
Mod/Cons Democrat,Earth is warming
Mod/Cons Democrat,Earth is warming
Mod/Cons Democrat,Earth is warming
Mod/Cons Democrat,Earth is warming
Mod/Cons Democrat,Earth is warming
Mod/Cons Democrat,Earth is warming
Mod/Cons Democrat,Earth is warming
Mod/Cons Democrat,Earth is warming
Mod/Cons Democrat,Earth is warming
Mod/Cons Democrat,Earth is warming
Mod/Cons Democrat,Earth is warming
Mod/Cons Democrat,Earth is warming
Mod/Cons Democrat,Earth is warming
Mod/Cons Democrat,Earth is warming
Mod/Cons Democrat,Earth is warming
Mod/Cons Democrat,Earth is warming
Mod/Cons Democrat,Earth is warming
Mod/Cons Democrat,Earth is warming
Mod/Cons Democrat,Earth is warming
Mod/Cons Democrat,Earth is warming
Mod/Cons Democrat,Earth is warming
Mod/Cons Democrat,Earth is warming
Mod/Cons Democrat,Earth is warming
Mod/Cons Democrat,Earth is warming
Mod/Cons Democrat,Earth is warming
Mod/Cons Democrat,Earth is warming
Mod/Cons Democrat,Earth is warming
Mod/Cons Democrat,Earth is warming
Mod/Cons Democrat,Earth is warming
Mod/Cons Democrat,Earth is warming
Mod/Cons Democrat,Earth is warming
Mod/Cons Democrat,Earth is warming
Mod/Cons Democrat,Earth is warming
Mod/Cons Democrat,Earth is warming
Mod/Cons Democrat,Earth is warming
Mod/Cons Democrat,Earth is warming
Mod/Cons Democrat,Earth is warming
Mod/Cons Democrat,Earth is warming
Mod/Cons Democrat,Earth is warming
Mod/Cons Democrat,Earth is warming
Mod/Cons Democrat,Earth is warming
Mod/Cons Democrat,Earth is warming
Mod/Cons Democrat,Earth is warming
Mod/Cons Democrat,Earth is warming
Mod/Cons Democrat,Earth is warming
Mod/Cons Democrat,Earth is warming
Mod/Cons Democrat,Earth is warming
Mod/Cons Democrat,Earth is warming
Mod/Cons Democrat,Earth is warming
Mod/Cons Democrat,Earth is warming
Mod/Cons Democrat,Earth is warming
Mod/Cons Democrat,Earth is warming
Mod/Cons Democrat,Earth is warming
Mod/Cons Democrat,Earth is warming
Mod/Cons Democrat,Earth is warming
Mod/Cons Democrat,Earth is warming
Mod/Cons Democrat,Earth is warming
Mod/Cons Democrat,Earth is warming
Mod/Cons Democrat,Earth is warming
Mod/Cons Democrat,Earth is warming
Mod/Cons Democrat,Earth is warming
Mod/Cons Democrat,Earth is warming
Mod/Cons Democrat,Earth is warming
Mod/Cons Democrat,Earth is warming
Mod/Cons Democrat,Earth is warming
Mod/Cons Democrat,Earth is warming
Mod/Cons Democrat,Earth is warming
Mod/Cons Democrat,Earth is warming
Mod/Cons Democrat,Earth is warming
Mod/Cons Democrat,Earth is warming
Mod/Cons Democrat,Earth is warming
Mod/Cons Democrat,Earth is warming
Mod/Cons Democrat,Earth is warming
Mod/Cons Democrat,Earth is warming
Mod/Cons Democrat,Earth is warming
Mod/Cons Democrat,Earth is warming
Mod/Cons Democrat,Earth is warming
Mod/Cons Democrat,Earth is warming
Mod/Cons Democrat,Earth is warming
Mod/Cons Democrat,Earth is warming
Mod/Cons Democrat,Earth is warming
Mod/Cons Democrat,Earth is warming
Mod/Cons Democrat,Earth is warming
Mod/Cons Democrat,Earth is warming
Mod/Cons Democrat,Earth is warming
Mod/Cons Democrat,Earth is warming
Mod/Cons Democrat,Earth is warming
Mod/Cons Democrat,Earth is warming
Mod/Cons Democrat,Earth is warming
Mod/Cons Democrat,Earth is warming
Mod/Cons Democrat,Earth is warming
Mod/Cons Democrat,Earth is warming
Mod/Cons Democrat,Earth is warming
Mod/Cons Democrat,Earth is warming
Mod/Cons Democrat,Earth is warming
Mod/Cons Democrat,Earth is warming
Mod/Cons Democrat,Earth is warming
Mod/Cons Democrat,Earth is warming
Mod/Cons Democrat,Earth is warming
Mod/Cons Democrat,Earth is warming
Mod/Cons Democrat,Earth is warming
Mod/Cons Democrat,Earth is warming
Mod/Cons Democrat,Earth is warming
Mod/Cons Democrat,Earth is warming
Mod/Cons Democrat,Earth is warming
Mod/Cons Democrat,Earth is warming
Mod/Cons Democrat,Earth is warming
Mod/Cons Democrat,Earth is warming
Mod/Cons Democrat,Earth is warming
Mod/Cons Democrat,Earth is warming
Mod/Cons Democrat,Earth is warming
Mod/Cons Democrat,Earth is warming
Mod/Cons Democrat,Earth is warming
Mod/Cons Democrat,Earth is warming
Mod/Cons Democrat,Earth is warming
Mod/Cons Democrat,Earth is warming
Mod/Cons Democrat,Earth is warming
Mod/Cons Democrat,Earth is warming
Mod/Cons Democrat,Earth is warming
Mod/Cons Democrat,Earth is warming
Mod/Cons Democrat,Earth is warming
Mod/Cons Democrat,Earth is warming
Mod/Cons Democrat,Earth is warming
Mod/Cons Democrat,Earth is warming
Mod/Cons Democrat,Earth is warming
Mod/Cons Democrat,Earth is warming
Mod/Cons Democrat,Earth is warming
Mod/Cons Democrat,Earth is warming
Mod/Cons Democrat,Earth is warming
Mod/Cons Democrat,Earth is warming
Mod/Cons Democrat,Earth is warming
Mod/Cons Democrat,Earth is warming
Mod/Cons Democrat,Earth is warming
Mod/Cons Democrat,Earth is warming
Mod/Cons Democrat,Earth is warming
Mod/Cons Democrat,Earth is warming
Mod/Cons Democrat,Earth is warming
Mod/Cons Democrat,Earth is warming
Mod/Cons Democrat,Earth is warming
Mod/Cons Democrat,Earth is warming
Mod/Cons Democrat,Earth is warming
Mod/Cons Democrat,Earth is warming
Mod/Cons Democrat,Earth is warming
Mod/Cons Democrat,Earth is warming
Mod/Cons Democrat,Earth is warming
Mod/Cons Democrat,Earth is warming
Mod/Cons Democrat,Earth is warming
Mod/Cons Democrat,Earth is warming
Mod/Cons Democrat,Earth is warming
Mod/Cons Democrat,Earth is warming
Mod/Cons Democrat,Earth is warming
Mod/Cons Democrat,Earth is warming
Mod/Cons Democrat,Earth is warming
Mod/Cons Democrat,Earth is warming
Mod/Cons Democrat,Earth is warming
Mod/Cons Democrat,Earth is warming
Mod/Cons Democrat,Earth is warming
Mod/Cons Democrat,Earth is warming
Mod/Cons Democrat,Earth is warming
Mod/Cons Democrat,Earth is warming
Mod/Cons Democrat,Earth is warming
Mod/Cons Democrat,Earth is warming
Mod/Cons Democrat,Earth is warming
Mod/Cons Democrat,Earth is warming
Mod/Cons Democrat,Earth is warming
Mod/Cons Democrat,Earth is warming
Mod/Cons Democrat,Earth is warming
Mod/Cons Democrat,Earth is warming
Mod/Cons Democrat,Earth is warming
Mod/Cons Democrat,Earth is warming
Mod/Cons Democrat,Earth is warming
Mod/Cons Democrat,Earth is warming
Mod/Cons Democrat,Earth is warming
Mod/Cons Democrat,Earth is warming
Mod/Cons Democrat,Earth is warming
Mod/Cons Democrat,Earth is warming
Mod/Cons Democrat,Earth is warming
Mod/Cons Democrat,Earth is warming
Mod/Cons Democrat,Earth is warming
Mod/Cons Democrat,Earth is warming
Mod/Cons Democrat,Earth is warming
Mod/Cons Democrat,Not warming
Mod/Cons Democrat,Not warming
Mod/Cons Democrat,Not warming
Mod/Cons Democrat,Not warming
Mod/Cons Democrat,Not warming
Mod/Cons Democrat,Not warming
Mod/Cons Democrat,Not warming
Mod/Cons Democrat,Not warming
Mod/Cons Democrat,Not warming
Mod/Cons Democrat,Not warming
Mod/Cons Democrat,Not warming
Mod/Cons Democrat,Not warming
Mod/Cons Democrat,Not warming
Mod/Cons Democrat,Not warming
Mod/Cons Democrat,Not warming
Mod/Cons Democrat,Not warming
Mod/Cons Democrat,Not warming
Mod/Cons Democrat,Not warming
Mod/Cons Democrat,Not warming
Mod/Cons Democrat,Not warming
Mod/Cons Democrat,Not warming
Mod/Cons Democrat,Not warming
Mod/Cons Democrat,Not warming
Mod/Cons Democrat,Not warming
Mod/Cons Democrat,Not warming
Mod/Cons Democrat,Not warming
Mod/Cons Democrat,Not warming
Mod/Cons Democrat,Not warming
Mod/Cons Democrat,Not warming
Mod/Cons Democrat,Not warming
Mod/Cons Democrat,Not warming
Mod/Cons Democrat,Not warming
Mod/Cons Democrat,Not warming
Mod/Cons Democrat,Not warming
Mod/Cons Democrat,Not warming
Mod/Cons Democrat,Not warming
Mod/Cons Democrat,Not warming
Mod/Cons Democrat,Not warming
Mod/Cons Democrat,Not warming
Mod/Cons Democrat,Not warming
Mod/Cons Democrat,Not warming
Mod/Cons Democrat,Not warming
Mod/Cons Democrat,Not warming
Mod/Cons Democrat,Not warming
Mod/Cons Democrat,Not warming
Mod/Cons Democrat,Not warming
Mod/Cons Democrat,Not warming
Mod/Cons Democrat,Not warming
Mod/Cons Democrat,Not warming
Mod/Cons Democrat,Not warming
Mod/Cons Democrat,Not warming
Mod/Cons Democrat,Not warming
Mod/Cons Democrat,Not warming
Mod/Cons Democrat,Not warming
Mod/Cons Democrat,Not warming
Mod/Cons Democrat,Not warming
Mod/Cons Democrat,Not warming
Mod/Cons Democrat,Not warming
Mod/Cons Democrat,Not warming
Mod/Cons Democrat,Not warming
Mod/Cons Democrat,Not warming
Mod/Cons Democrat,Not warming
Mod/Cons Democrat,Not warming
Mod/Cons Democrat,Not warming
Mod/Cons Democrat,Not warming
Mod/Cons Democrat,Not warming
Mod/Cons Democrat,Not warming
Mod/Cons Democrat,Not warming
Mod/Cons Democrat,Not warming
Mod/Cons Democrat,Not warming
Mod/Cons Democrat,Not warming
Mod/Cons Democrat,Not warming
Mod/Cons Democrat,Not warming
Mod/Cons Democrat,Not warming
Mod/Cons Democrat,Not warming
Mod/Cons Democrat,Not warming
Mod/Cons Democrat,Not warming
Mod/Cons Democrat,Not warming
Mod/Cons Democrat,Not warming
Mod/Cons Democrat,Not warming
Mod/Cons Democrat,Not warming
Mod/Cons Democrat,Not warming
Mod/Cons Democrat,Not warming
Mod/Cons Democrat,Not warming
Mod/Cons Democrat,Not warming
Mod/Cons Democrat,Not warming
Mod/Cons Democrat,Not warming
Mod/Cons Democrat,Not warming
Mod/Cons Democrat,Not warming
Mod/Cons Democrat,Not warming
Mod/Cons Democrat,Not warming
Mod/Cons Democrat,Not warming
Mod/Cons Democrat,Not warming
Mod/Cons Democrat,Not warming
Mod/Cons Democrat,Not warming
Mod/Cons Democrat,Not warming
Mod/Cons Democrat,Not warming
Mod/Cons Democrat,Not warming
Mod/Cons Democrat,Not warming
Mod/Cons Democrat,Not warming
Mod/Cons Democrat,Not warming
Mod/Cons Democrat,Not warming
Mod/Cons Democrat,Not warming
Mod/Cons Democrat,Not warming
Mod/Cons Democrat,Not warming
Mod/Cons Democrat,Not warming
Mod/Cons Democrat,Not warming
Mod/Cons Democrat,Not warming
Mod/Cons Democrat,Not warming
Mod/Cons Democrat,Not warming
Mod/Cons Democrat,Not warming
Mod/Cons Democrat,Not warming
Mod/Cons Democrat,Not warming
Mod/Cons Democrat,Not warming
Mod/Cons Democrat,Not warming
Mod/Cons Democrat,Not warming
Mod/Cons Democrat,Not warming
Mod/Cons Democrat,Not warming
Mod/Cons Democrat,Not warming
Mod/Cons Democrat,Not warming
Mod/Cons Democrat,Not warming
Mod/Cons Democrat,Not warming
Mod/Cons Democrat,Not warming
Mod/Cons Democrat,Not warming
Mod/Cons Democrat,Not warming
Mod/Cons Democrat,Not warming
Mod/Cons Democrat,Not warming
Mod/Cons Democrat,Not warming
Mod/Cons Democrat,Not warming
Mod/Cons Democrat,Not warming
Mod/Cons Democrat,Not warming
Mod/Cons Democrat,Not warming
Mod/Cons Democrat,Not warming
Mod/Cons Democrat,Not warming
Mod/Cons Democrat,Not warming
Mod/Cons Democrat,Not warming
Mod/Cons Democrat,Not warming
Mod/Cons Democrat,Not warming
Mod/Cons Democrat,Not warming
Mod/Cons Democrat,Not warming
Mod/Cons Democrat,Not warming
Mod/Cons Democrat,Not warming
Mod/Cons Democrat,Not warming
Mod/Cons Democrat,Not warming
Mod/Cons Democrat,Not warming
Mod/Cons Democrat,Not warming
Mod/Cons Democrat,Not warming
Mod/Cons Democrat,Not warming
Mod/Cons Democrat,Not warming
Mod/Cons Democrat,Not warming
Mod/Cons Democrat,Not warming
Mod/Cons Democrat,Not warming
Mod/Cons Democrat,Not warming
Mod/Cons Democrat,Not warming
Mod/Cons Democrat,Not warming
Mod/Cons Democrat,Not warming
Mod/Cons Democrat,Not warming
Mod/Cons Democrat,Not warming
Mod/Cons Democrat,Don't know / refuse to answer
Mod/Cons Democrat,Don't know / refuse to answer
Mod/Cons Democrat,Don't know / refuse to answer
Mod/Cons Democrat,Don't know / refuse to answer
Mod/Cons Democrat,Don't know / refuse to answer
Mod/Cons Democrat,Don't know / refuse to answer
Mod/Cons Democrat,Don't know / refuse to answer
Mod/Cons Democrat,Don't know / refuse to answer
Mod/Cons Democrat,Don't know / refuse to answer
Mod/Cons Democrat,Don't know / refuse to answer
Mod/Cons Democrat,Don't know / refuse to answer
Mod/Cons Democrat,Don't know / refuse to answer
Mod/Cons Democrat,Don't know / refuse to answer
Mod/Cons Democrat,Don't know / refuse to answer
Mod/Cons Democrat,Don't know / refuse to answer
Mod/Cons Democrat,Don't know / refuse to answer
Mod/Cons Democrat,Don't know / refuse to answer
Mod/Cons Democrat,Don't know / refuse to answer
Mod/Cons Democrat,Don't know / refuse to answer
Mod/Cons Democrat,Don't know / refuse to answer
Mod/Cons Democrat,Don't know / refuse to answer
Mod/Cons Democrat,Don't know / refuse to answer
Mod/Cons Democrat,Don't know / refuse to answer
Mod/Cons Democrat,Don't know / refuse to answer
Mod/Cons Democrat,Don't know / refuse to answer
Mod/Cons Democrat,Don't know / refuse to answer
Mod/Cons Democrat,Don't know / refuse to answer
Mod/Cons Democrat,Don't know / refuse to answer
Mod/Cons Democrat,Don't know / refuse to answer
Mod/Cons Democrat,Don't know / refuse to answer
Mod/Cons Democrat,Don't know / refuse to answer
Mod/Cons Democrat,Don't know / refuse to answer
Mod/Cons Democrat,Don't know / refuse to answer
Mod/Cons Democrat,Don't know / refuse to answer
Mod/Cons Democrat,Don't know / refuse to answer
Mod/Cons Democrat,Don't know / refuse to answer
Mod/Cons Democrat,Don't know / refuse to answer
Mod/Cons Democrat,Don't know / refuse to answer
Mod/Cons Democrat,Don't know / refuse to answer
Mod/Cons Democrat,Don't know / refuse to answer
Mod/Cons Democrat,Don't know / refuse to answer
Mod/Cons Democrat,Don't know / refuse to answer
Mod/Cons Democrat,Don't know / refuse to answer
Mod/Cons Democrat,Don't know / refuse to answer
Mod/Cons Democrat,Don't know / refuse to answer
Liberal Democrat,Earth is warming
Liberal Democrat,Earth is warming
Liberal Democrat,Earth is warming
Liberal Democrat,Earth is warming
Liberal Democrat,Earth is warming
Liberal Democrat,Earth is warming
Liberal Democrat,Earth is warming
Liberal Democrat,Earth is warming
Liberal Democrat,Earth is warming
Liberal Democrat,Earth is warming
Liberal Democrat,Earth is warming
Liberal Democrat,Earth is warming
Liberal Democrat,Earth is warming
Liberal Democrat,Earth is warming
Liberal Democrat,Earth is warming
Liberal Democrat,Earth is warming
Liberal Democrat,Earth is warming
Liberal Democrat,Earth is warming
Liberal Democrat,Earth is warming
Liberal Democrat,Earth is warming
Liberal Democrat,Earth is warming
Liberal Democrat,Earth is warming
Liberal Democrat,Earth is warming
Liberal Democrat,Earth is warming
Liberal Democrat,Earth is warming
Liberal Democrat,Earth is warming
Liberal Democrat,Earth is warming
Liberal Democrat,Earth is warming
Liberal Democrat,Earth is warming
Liberal Democrat,Earth is warming
Liberal Democrat,Earth is warming
Liberal Democrat,Earth is warming
Liberal Democrat,Earth is warming
Liberal Democrat,Earth is warming
Liberal Democrat,Earth is warming
Liberal Democrat,Earth is warming
Liberal Democrat,Earth is warming
Liberal Democrat,Earth is warming
Liberal Democrat,Earth is warming
Liberal Democrat,Earth is warming
Liberal Democrat,Earth is warming
Liberal Democrat,Earth is warming
Liberal Democrat,Earth is warming
Liberal Democrat,Earth is warming
Liberal Democrat,Earth is warming
Liberal Democrat,Earth is warming
Liberal Democrat,Earth is warming
Liberal Democrat,Earth is warming
Liberal Democrat,Earth is warming
Liberal Democrat,Earth is warming
Liberal Democrat,Earth is warming
Liberal Democrat,Earth is warming
Liberal Democrat,Earth is warming
Liberal Democrat,Earth is warming
Liberal Democrat,Earth is warming
Liberal Democrat,Earth is warming
Liberal Democrat,Earth is warming
Liberal Democrat,Earth is warming
Liberal Democrat,Earth is warming
Liberal Democrat,Earth is warming
Liberal Democrat,Earth is warming
Liberal Democrat,Earth is warming
Liberal Democrat,Earth is warming
Liberal Democrat,Earth is warming
Liberal Democrat,Earth is warming
Liberal Democrat,Earth is warming
Liberal Democrat,Earth is warming
Liberal Democrat,Earth is warming
Liberal Democrat,Earth is warming
Liberal Democrat,Earth is warming
Liberal Democrat,Earth is warming
Liberal Democrat,Earth is warming
Liberal Democrat,Earth is warming
Liberal Democrat,Earth is warming
Liberal Democrat,Earth is warming
Liberal Democrat,Earth is warming
Liberal Democrat,Earth is warming
Liberal Democrat,Earth is warming
Liberal Democrat,Earth is warming
Liberal Democrat,Earth is warming
Liberal Democrat,Earth is warming
Liberal Democrat,Earth is warming
Liberal Democrat,Earth is warming
Liberal Democrat,Earth is warming
Liberal Democrat,Earth is warming
Liberal Democrat,Earth is warming
Liberal Democrat,Earth is warming
Liberal Democrat,Earth is warming
Liberal Democrat,Earth is warming
Liberal Democrat,Earth is warming
Liberal Democrat,Earth is warming
Liberal Democrat,Earth is warming
Liberal Democrat,Earth is warming
Liberal Democrat,Earth is warming
Liberal Democrat,Earth is warming
Liberal Democrat,Earth is warming
Liberal Democrat,Earth is warming
Liberal Democrat,Earth is warming
Liberal Democrat,Earth is warming
Liberal Democrat,Earth is warming
Liberal Democrat,Earth is warming
Liberal Democrat,Earth is warming
Liberal Democrat,Earth is warming
Liberal Democrat,Earth is warming
Liberal Democrat,Earth is warming
Liberal Democrat,Earth is warming
Liberal Democrat,Earth is warming
Liberal Democrat,Earth is warming
Liberal Democrat,Earth is warming
Liberal Democrat,Earth is warming
Liberal Democrat,Earth is warming
Liberal Democrat,Earth is warming
Liberal Democrat,Earth is warming
Liberal Democrat,Earth is warming
Liberal Democrat,Earth is warming
Liberal Democrat,Earth is warming
Liberal Democrat,Earth is warming
Liberal Democrat,Earth is warming
Liberal Democrat,Earth is warming
Liberal Democrat,Earth is warming
Liberal Democrat,Earth is warming
Liberal Democrat,Earth is warming
Liberal Democrat,Earth is warming
Liberal Democrat,Earth is warming
Liberal Democrat,Earth is warming
Liberal Democrat,Earth is warming
Liberal Democrat,Earth is warming
Liberal Democrat,Earth is warming
Liberal Democrat,Earth is warming
Liberal Democrat,Earth is warming
Liberal Democrat,Earth is warming
Liberal Democrat,Earth is warming
Liberal Democrat,Earth is warming
Liberal Democrat,Earth is warming
Liberal Democrat,Earth is warming
Liberal Democrat,Earth is warming
Liberal Democrat,Earth is warming
Liberal Democrat,Earth is warming
Liberal Democrat,Earth is warming
Liberal Democrat,Earth is warming
Liberal Democrat,Earth is warming
Liberal Democrat,Earth is warming
Liberal Democrat,Earth is warming
Liberal Democrat,Earth is warming
Liberal Democrat,Earth is warming
Liberal Democrat,Earth is warming
Liberal Democrat,Earth is warming
Liberal Democrat,Earth is warming
Liberal Democrat,Earth is warming
Liberal Democrat,Earth is warming
Liberal Democrat,Earth is warming
Liberal Democrat,Earth is warming
Liberal Democrat,Earth is warming
Liberal Democrat,Earth is warming
Liberal Democrat,Earth is warming
Liberal Democrat,Earth is warming
Liberal Democrat,Earth is warming
Liberal Democrat,Earth is warming
Liberal Democrat,Earth is warming
Liberal Democrat,Earth is warming
Liberal Democrat,Earth is warming
Liberal Democrat,Earth is warming
Liberal Democrat,Earth is warming
Liberal Democrat,Earth is warming
Liberal Democrat,Earth is warming
Liberal Democrat,Earth is warming
Liberal Democrat,Earth is warming
Liberal Democrat,Earth is warming
Liberal Democrat,Earth is warming
Liberal Democrat,Earth is warming
Liberal Democrat,Earth is warming
Liberal Democrat,Earth is warming
Liberal Democrat,Earth is warming
Liberal Democrat,Earth is warming
Liberal Democrat,Earth is warming
Liberal Democrat,Earth is warming
Liberal Democrat,Earth is warming
Liberal Democrat,Earth is warming
Liberal Democrat,Earth is warming
Liberal Democrat,Earth is warming
Liberal Democrat,Earth is warming
Liberal Democrat,Earth is warming
Liberal Democrat,Earth is warming
Liberal Democrat,Earth is warming
Liberal Democrat,Earth is warming
Liberal Democrat,Earth is warming
Liberal Democrat,Earth is warming
Liberal Democrat,Earth is warming
Liberal Democrat,Earth is warming
Liberal Democrat,Earth is warming
Liberal Democrat,Earth is warming
Liberal Democrat,Earth is warming
Liberal Democrat,Earth is warming
Liberal Democrat,Earth is warming
Liberal Democrat,Earth is warming
Liberal Democrat,Earth is warming
Liberal Democrat,Earth is warming
Liberal Democrat,Earth is warming
Liberal Democrat,Earth is warming
Liberal Democrat,Earth is warming
Liberal Democrat,Earth is warming
Liberal Democrat,Earth is warming
Liberal Democrat,Earth is warming
Liberal Democrat,Earth is warming
Liberal Democrat,Earth is warming
Liberal Democrat,Earth is warming
Liberal Democrat,Earth is warming
Liberal Democrat,Earth is warming
Liberal Democrat,Earth is warming
Liberal Democrat,Earth is warming
Liberal Democrat,Earth is warming
Liberal Democrat,Earth is warming
Liberal Democrat,Earth is warming
Liberal Democrat,Earth is warming
Liberal Democrat,Earth is warming
Liberal Democrat,Earth is warming
Liberal Democrat,Earth is warming
Liberal Democrat,Earth is warming
Liberal Democrat,Earth is warming
Liberal Democrat,Earth is warming
Liberal Democrat,Earth is warming
Liberal Democrat,Earth is warming
Liberal Democrat,Earth is warming
Liberal Democrat,Earth is warming
Liberal Democrat,Earth is warming
Liberal Democrat,Earth is warming
Liberal Democrat,Earth is warming
Liberal Democrat,Earth is warming
Liberal Democrat,Earth is warming
Liberal Democrat,Earth is warming
Liberal Democrat,Earth is warming
Liberal Democrat,Earth is warming
Liberal Democrat,Earth is warming
Liberal Democrat,Earth is warming
Liberal Democrat,Earth is warming
Liberal Democrat,Earth is warming
Liberal Democrat,Earth is warming
Liberal Democrat,Earth is warming
Liberal Democrat,Earth is warming
Liberal Democrat,Earth is warming
Liberal Democrat,Earth is warming
Liberal Democrat,Earth is warming
Liberal Democrat,Earth is warming
Liberal Democrat,Earth is warming
Liberal Democrat,Earth is warming
Liberal Democrat,Earth is warming
Liberal Democrat,Earth is warming
Liberal Democrat,Earth is warming
Liberal Democrat,Earth is warming
Liberal Democrat,Earth is warming
Liberal Democrat,Earth is warming
Liberal Democrat,Earth is warming
Liberal Democrat,Earth is warming
Liberal Democrat,Earth is warming
Liberal Democrat,Earth is warming
Liberal Democrat,Earth is warming
Liberal Democrat,Earth is warming
Liberal Democrat,Earth is warming
Liberal Democrat,Earth is warming
Liberal Democrat,Earth is warming
Liberal Democrat,Earth is warming
Liberal Democrat,Earth is warming
Liberal Democrat,Earth is warming
Liberal Democrat,Earth is warming
Liberal Democrat,Earth is warming
Liberal Democrat,Earth is warming
Liberal Democrat,Earth is warming
Liberal Democrat,Earth is warming
Liberal Democrat,Earth is warming
Liberal Democrat,Earth is warming
Liberal Democrat,Earth is warming
Liberal Democrat,Earth is warming
Liberal Democrat,Earth is warming
Liberal Democrat,Earth is warming
Liberal Democrat,Earth is warming
Liberal Democrat,Earth is warming
Liberal Democrat,Earth is warming
Liberal Democrat,Earth is warming
Liberal Democrat,Earth is warming
Liberal Democrat,Earth is warming
Liberal Democrat,Earth is warming
Liberal Democrat,Earth is warming
Liberal Democrat,Earth is warming
Liberal Democrat,Earth is warming
Liberal Democrat,Earth is warming
Liberal Democrat,Earth is warming
Liberal Democrat,Earth is warming
Liberal Democrat,Earth is warming
Liberal Democrat,Earth is warming
Liberal Democrat,Earth is warming
Liberal Democrat,Earth is warming
Liberal Democrat,Earth is warming
Liberal Democrat,Earth is warming
Liberal Democrat,Earth is warming
Liberal Democrat,Earth is warming
Liberal Democrat,Earth is warming
Liberal Democrat,Earth is warming
Liberal Democrat,Earth is warming
Liberal Democrat,Earth is warming
Liberal Democrat,Earth is warming
Liberal Democrat,Earth is warming
Liberal Democrat,Earth is warming
Liberal Democrat,Earth is warming
Liberal Democrat,Earth is warming
Liberal Democrat,Earth is warming
Liberal Democrat,Earth is warming
Liberal Democrat,Earth is warming
Liberal Democrat,Earth is warming
Liberal Democrat,Earth is warming
Liberal Democrat,Earth is warming
Liberal Democrat,Earth is warming
Liberal Democrat,Earth is warming
Liberal Democrat,Earth is warming
Liberal Democrat,Earth is warming
Liberal Democrat,Earth is warming
Liberal Democrat,Earth is warming
Liberal Democrat,Earth is warming
Liberal Democrat,Earth is warming
Liberal Democrat,Earth is warming
Liberal Democrat,Earth is warming
Liberal Democrat,Earth is warming
Liberal Democrat,Earth is warming
Liberal Democrat,Earth is warming
Liberal Democrat,Earth is warming
Liberal Democrat,Earth is warming
Liberal Democrat,Earth is warming
Liberal Democrat,Earth is warming
Liberal Democrat,Earth is warming
Liberal Democrat,Earth is warming
Liberal Democrat,Earth is warming
Liberal Democrat,Earth is warming
Liberal Democrat,Earth is warming
Liberal Democrat,Earth is warming
Liberal Democrat,Earth is warming
Liberal Democrat,Earth is warming
Liberal Democrat,Earth is warming
Liberal Democrat,Earth is warming
Liberal Democrat,Earth is warming
Liberal Democrat,Earth is warming
Liberal Democrat,Earth is warming
Liberal Democrat,Earth is warming
Liberal Democrat,Earth is warming
Liberal Democrat,Earth is warming
Liberal Democrat,Earth is warming
Liberal Democrat,Earth is warming
Liberal Democrat,Earth is warming
Liberal Democrat,Earth is warming
Liberal Democrat,Earth is warming
Liberal Democrat,Earth is warming
Liberal Democrat,Earth is warming
Liberal Democrat,Earth is warming
Liberal Democrat,Earth is warming
Liberal Democrat,Earth is warming
Liberal Democrat,Earth is warming
Liberal Democrat,Earth is warming
Liberal Democrat,Earth is warming
Liberal Democrat,Earth is warming
Liberal Democrat,Earth is warming
Liberal Democrat,Earth is warming
Liberal Democrat,Earth is warming
Liberal Democrat,Earth is warming
Liberal Democrat,Earth is warming
Liberal Democrat,Earth is warming
Liberal Democrat,Earth is warming
Liberal Democrat,Earth is warming
Liberal Democrat,Earth is warming
Liberal Democrat,Earth is warming
Liberal Democrat,Earth is warming
Liberal Democrat,Earth is warming
Liberal Democrat,Earth is warming
Liberal Democrat,Earth is warming
Liberal Democrat,Earth is warming
Liberal Democrat,Earth is warming
Liberal Democrat,Earth is warming
Liberal Democrat,Earth is warming
Liberal Democrat,Earth is warming
Liberal Democrat,Earth is warming
Liberal Democrat,Earth is warming
Liberal Democrat,Earth is warming
Liberal Democrat,Earth is warming
Liberal Democrat,Earth is warming
Liberal Democrat,Earth is warming
Liberal Democrat,Earth is warming
Liberal Democrat,Earth is warming
Liberal Democrat,Earth is warming
Liberal Democrat,Earth is warming
Liberal Democrat,Earth is warming
Liberal Democrat,Earth is warming
Liberal Democrat,Earth is warming
Liberal Democrat,Earth is warming
Liberal Democrat,Earth is warming
Liberal Democrat,Earth is warming
Liberal Democrat,Earth is warming
Liberal Democrat,Earth is warming
Liberal Democrat,Earth is warming
Liberal Democrat,Earth is warming
Liberal Democrat,Earth is warming
Liberal Democrat,Earth is warming
Liberal Democrat,Earth is warming
Liberal Democrat,Earth is warming
Liberal Democrat,Earth is warming
Liberal Democrat,Earth is warming
Liberal Democrat,Earth is warming
Liberal Democrat,Earth is warming
Liberal Democrat,Earth is warming
Liberal Democrat,Not warming
Liberal Democrat,Not warming
Liberal Democrat,Not warming
Liberal Democrat,Not warming
Liberal Democrat,Not warming
Liberal Democrat,Not warming
Liberal Democrat,Not warming
Liberal Democrat,Not warming
Liberal Democrat,Not warming
Liberal Democrat,Not warming
Liberal Democrat,Not warming
Liberal Democrat,Not warming
Liberal Democrat,Not warming
Liberal Democrat,Not warming
Liberal Democrat,Not warming
Liberal Democrat,Not warming
Liberal Democrat,Not warming
Liberal Democrat,Not warming
Liberal Democrat,Not warming
Liberal Democrat,Not warming
Liberal Democrat,Not warming
Liberal Democrat,Not warming
Liberal Democrat,Not warming
Liberal Democrat,Don't know / refuse to answer
Liberal Democrat,Don't know / refuse to answer
Liberal Democrat,Don't know / refuse to answer
Liberal Democrat,Don't know / refuse to answer
Liberal Democrat,Don't know / refuse to answer
Liberal Democrat,Don't know / refuse to answer
Liberal Democrat,Don't know / refuse to answer
Liberal Democrat,Don't know / refuse to answer
Liberal Democrat,Don't know / refuse to answer
Liberal Democrat,Don't know / refuse to answer
Liberal Democrat,Don't know / refuse to answer
Liberal Democrat,Don't know / refuse to answer
Liberal Democrat,Don't know / refuse to answer
Liberal Democrat,Don't know / refuse to answer
Liberal Democrat,Don't know / refuse to answer
Liberal Democrat,Don't know / refuse to answer
Liberal Democrat,Don't know / refuse to answer
Liberal Democrat,Don't know / refuse to answer
Liberal Democrat,Don't know / refuse to answer
Liberal Democrat,Don't know / refuse to answer
Liberal Democrat,Don't know / refuse to answer
Liberal Democrat,Don't know / refuse to answer
Liberal Democrat,Don't know / refuse to answer
